Recorded Date,Your SID,"Q1 Identifying Mistakes: To what extent did the AI feedback help you identify the specific mistakes in your answers, compared to just seeing the solution alone?",Q2 Clarity of Explanation for Errors: Did the AI comment clarify why your answers were incorrect better than the standard solution alone could?,Q3 Level of Customization: How well was the AI feedback tailored to your specific answer compared to a general solution?,"Q4 Benefit of Customization: How much did the customized AI comment, tailored to your specific answer, help you address your personal learning needs compared to a general solution?","Q5 Actionable Feedback for Improvement: How effective was the AI feedback in providing specific steps or areas to improve, compared to the solution alone?","Q6 Future Problem-Solving: How prepared do you feel to handle similar problems in the future with AI feedback, as opposed to only seeing the solution?","Q7 Depth of Insight into Learning Gaps: To what extent did the AI feedback help you identify specific knowledge gaps, in contrast to the general solution alone?","Q8 Encouragement for Learning: How much more motivated did you feel to address your mistakes after receiving the AI comment, as compared to just the solution?",Q9 Comparative Learning Benefit: To what extent did the AI feedback contribute to an improved learning experience compared to receiving only the solution?,"Q10 Preference Between Solution Types: Overall, which did you find more helpful for understanding: the solution alone or the solution with the AI feedback?",Q11 Suggestions for AI Feedback Improvement (Open-Ended): What additional information or aspects in the AI feedback would make it even more helpful compared to the solution alone?,score,group
16/11/2024 1:43,1155221527,3.0,3.0,4,3,3.0,3,4.0,3.0,3.0,1,,8.714285714285715,strong
16/11/2024 1:43,1155216261,4.0,4.0,3,4,4.0,4,4.0,4.0,4.0,2,,9.571428571428573,strong
16/11/2024 1:43,1155231566,3.0,3.0,4,3,4.0,4,4.0,4.0,4.0,2,AI feedback can be more specific ,10.0,strong
16/11/2024 1:43,1155228789,3.0,3.0,3,3,3.0,3,3.0,3.0,3.0,2,,6.142857142857142,weak
16/11/2024 1:44,1155228486,3.0,3.0,4,3,4.0,3,4.0,3.0,3.0,2,,9.142857142857142,strong
16/11/2024 1:44,1155228787,4.0,4.0,4,4,4.0,4,4.0,4.0,4.0,1,,1.0,weak
16/11/2024 1:44,1155229530,3.0,4.0,3,3,2.0,2,3.0,3.0,4.0,1,Some recommendations for AI are too general.,6.142857142857142,weak
16/11/2024 1:44,1155127532,4.0,5.0,4,4,5.0,4,4.0,4.0,4.0,2,,7.857142857142858,strong
16/11/2024 1:44,1155109969,2.0,2.0,3,3,2.0,3,2.0,1.0,1.0,1,,4.428571428571431,weak
16/11/2024 1:45,1155222289,3.0,5.0,3,3,4.0,3,4.0,4.0,4.0,2,,9.142857142857142,strong
16/11/2024 1:45,1155221525,2.0,3.0,4,3,3.0,3,3.0,4.0,3.0,2,,4.0,weak
16/11/2024 1:47,1155232218,4.0,4.0,4,4,4.0,3,4.0,4.0,3.0,2,showing the comments with bullet point can make it clear and easier to understand the problem,8.285714285714285,strong
16/11/2024 1:47,1155232113,3.0,4.0,2,3,3.0,4,3.0,3.0,3.0,2,,7.428571428571431,strong
16/11/2024 1:48,1155205960,3.0,4.0,2,3,4.0,4,2.0,2.0,4.0,2,,7.428571428571431,strong
16/11/2024 1:48,1155230196,4.0,2.0,2,3,2.0,4,3.0,3.0,3.0,2,The AI comments are quite similar across questions,8.714285714285715,strong
16/11/2024 1:49,1155231562,3.0,3.0,2,2,3.0,2,2.0,2.0,3.0,2,,8.714285714285715,strong
16/11/2024 1:49,1155219629,4.0,5.0,4,3,4.0,4,4.0,3.0,4.0,2,Logical analysis of my personal answer,9.142857142857142,strong
16/11/2024 1:50,1155218055,3.0,4.0,4,3,3.0,4,4.0,3.0,3.0,2,,7.428571428571431,strong
16/11/2024 1:50,1155225423,2.0,3.0,4,3,3.0,2,4.0,2.0,3.0,1,"Always a 'however' in the AI-comment; maybe if solution is already covered in the answer, 'however' part can be deleted.",10.0,strong
16/11/2024 1:50,1155221530,4.0,4.0,4,4,3.0,4,4.0,5.0,4.0,2,,6.142857142857142,weak
16/11/2024 1:50,1155221531,,,2,3,2.0,2,2.0,3.0,3.0,2,,6.142857142857142,weak
16/11/2024 1:50,1155232219,3.0,2.0,3,2,2.0,3,3.0,3.0,3.0,2,,7.857142857142858,strong
19/11/2024 4:36,1155222094,5.0,5.0,5,5,5.0,5,5.0,5.0,5.0,2,,4.0,weak
19/11/2024 4:42,1155222248,4.0,3.0,3,4,3.0,4,3.0,3.0,3.0,2,,2.5,weak
19/11/2024 4:42,1155223625,4.0,5.0,5,5,5.0,4,5.0,5.0,5.0,2,,5.5,weak
19/11/2024 4:42,1155222246,3.0,3.0,3,3,4.0,4,2.0,4.0,2.0,2,,5.5,weak
19/11/2024 4:43,1155222632,4.0,4.0,2,4,4.0,4,4.0,4.0,4.0,2,,10.0,strong
19/11/2024 4:44,1155158218,4.0,3.0,4,3,4.0,4,4.0,5.0,4.0,2,,5.5,weak
19/11/2024 4:44,1155221540,4.0,4.0,3,4,4.0,3,3.0,4.0,4.0,2,,7.0,strong
19/11/2024 4:44,1155222787,4.0,4.0,4,4,4.0,4,4.0,4.0,4.0,2,,5.5,weak
19/11/2024 4:44,1155223385,3.0,2.0,3,3,3.0,4,3.0,3.0,3.0,1,,5.5,weak
19/11/2024 4:44,1155222634,5.0,5.0,5,5,5.0,5,5.0,5.0,5.0,2,,4.0,weak
19/11/2024 4:44,1155222092,5.0,5.0,5,5,5.0,5,5.0,5.0,5.0,2,,5.5,weak
19/11/2024 4:45,1155217859,4.0,5.0,5,5,5.0,4,5.0,5.0,5.0,2,,5.5,weak
19/11/2024 4:45,1155223387,4.0,3.0,3,4,4.0,5,5.0,5.0,5.0,2,,8.5,strong
19/11/2024 4:46,1155225044,3.0,4.0,4,3,4.0,4,3.0,3.0,4.0,2,,4.0,weak
19/11/2024 4:46,1155226129,3.0,3.0,3,3,3.0,3,3.0,3.0,3.0,2,,7.0,strong
19/11/2024 4:46,1155226963,4.0,3.0,3,4,3.0,3,3.0,4.0,5.0,2,no,4.0,weak
19/11/2024 4:47,1155223882,3.0,3.0,3,3,3.0,3,3.0,3.0,3.0,2,many,2.5,weak
19/11/2024 4:47,1155223881,3.0,2.0,3,3,3.0,2,3.0,4.0,2.0,2,,4.0,weak
19/11/2024 4:47,1155219170,3.0,5.0,2,3,4.0,3,3.0,4.0,4.0,2,,10.0,strong
19/11/2024 4:48,1155226015,3.0,4.0,3,4,3.0,4,3.0,4.0,3.0,2,,7.0,strong
19/11/2024 4:48,1155223621,4.0,4.0,4,4,4.0,4,4.0,4.0,4.0,1,,4.0,weak
19/11/2024 4:48,1155225672,5.0,5.0,4,4,5.0,4,3.0,4.0,4.0,2,,4.0,weak
19/11/2024 4:48,1155226761,4.0,4.0,3,4,4.0,4,4.0,5.0,4.0,2,,4.0,weak
19/11/2024 4:48,1155222088,3.0,2.0,2,1,3.0,3,2.0,2.0,3.0,2,直接告诉我改成什么样最好啦,7.0,strong
19/11/2024 4:49,1155223389,4.0,3.0,3,4,4.0,4,,4.0,3.0,2,,5.5,weak
19/11/2024 4:50,1155223391,3.0,3.0,4,3,4.0,3,3.0,3.0,4.0,2,,10.0,strong
19/11/2024 4:50,1155220154,4.0,4.0,3,3,3.0,3,3.0,3.0,4.0,2,,5.5,weak
19/11/2024 4:50,1155223628,3.0,4.0,4,3,4.0,3,4.0,4.0,4.0,2,,5.5,weak
19/11/2024 4:50,1155223880,4.0,5.0,4,4,4.0,4,3.0,5.0,4.0,2,,7.0,strong
19/11/2024 4:51,1155223390,4.0,5.0,5,5,5.0,4,4.0,5.0,5.0,2,,1.0,weak
19/11/2024 4:51,1155223624,3.0,4.0,4,4,3.0,4,3.0,4.0,4.0,2,,8.5,strong
19/11/2024 4:52,1155222631,4.0,4.0,3,3,5.0,4,3.0,5.0,,2,,5.5,weak
19/11/2024 4:52,1155222765,4.0,3.0,4,3,4.0,4,4.0,4.0,4.0,2,,10.0,strong
19/11/2024 4:56,1155226130,3.0,2.0,3,3,4.0,3,4.0,4.0,4.0,2,,5.5,weak
27/11/2024 22:21,1155234828,5.0,3.0,2,3,3.0,5,4.0,5.0,5.0,2,,6.142857142857143,weak
27/11/2024 22:23,1155235763,3.0,3.0,3,3,3.0,3,3.0,3.0,3.0,2,,8.714285714285715,strong
27/11/2024 22:23,1155214331,3.0,3.0,4,3,3.0,4,3.0,4.0,4.0,2,,7.428571428571429,strong
27/11/2024 22:24,1155234638,3.0,3.0,3,3,3.0,3,3.0,3.0,3.0,2,,4.857142857142858,weak
27/11/2024 22:24,1155233064,3.0,3.0,3,3,3.0,3,3.0,3.0,3.0,2,,7.428571428571429,strong
27/11/2024 22:24,1155223647,5.0,4.0,4,5,4.0,5,4.0,4.0,4.0,2,,3.5714285714285716,weak
27/11/2024 22:24,1155233146,4.0,3.0,4,3,4.0,4,4.0,3.0,4.0,2,,7.428571428571429,strong
27/11/2024 22:25,1155233194,4.0,4.0,4,4,4.0,3,4.0,4.0,4.0,2,,7.428571428571429,strong
27/11/2024 22:25,1155232052,3.0,3.0,4,4,4.0,4,3.0,4.0,4.0,2,,3.5714285714285716,weak
27/11/2024 22:25,1155233334,4.0,4.0,4,4,4.0,1,4.0,4.0,4.0,2,,6.142857142857143,weak
27/11/2024 22:25,1155213117,3.0,3.0,3,3,3.0,3,3.0,3.0,3.0,1,,7.428571428571429,strong
27/11/2024 22:25,1155233384,4.0,4.0,4,4,4.0,4,4.0,4.0,5.0,2,How to improve the answer and give some feedback as soon as possible ,7.428571428571429,strong
27/11/2024 22:25,1155235599,3.0,4.0,4,3,4.0,3,3.0,4.0,4.0,2,,1.0,weak
27/11/2024 22:25,1155235438,1.0,1.0,1,1,1.0,1,1.0,1.0,1.0,1,,6.142857142857143,weak
27/11/2024 22:25,1155233485,2.0,2.0,3,4,4.0,2,4.0,4.0,3.0,2,,7.428571428571429,strong
27/11/2024 22:25,1155233175,2.0,4.0,3,3,2.0,4,3.0,2.0,2.0,2,,4.857142857142858,weak
27/11/2024 22:25,1155234521,4.0,4.0,3,3,3.0,3,3.0,2.0,3.0,2,,6.142857142857143,weak
27/11/2024 22:25,1155214378,1.0,1.0,1,1,1.0,1,1.0,1.0,1.0,1,,8.714285714285715,strong
27/11/2024 22:25,1155210950,2.0,3.0,3,3,3.0,3,3.0,3.0,3.0,1,,7.428571428571429,strong
27/11/2024 22:25,1155236801,3.0,2.0,3,3,3.0,2,3.0,2.0,3.0,2,,7.428571428571429,strong
27/11/2024 22:26,1155233723,4.0,4.0,4,3,4.0,5,4.0,5.0,3.0,2,Statistic of other solution,6.142857142857143,weak
27/11/2024 22:26,1155233161,5.0,5.0,5,5,5.0,5,5.0,5.0,5.0,2,,3.5714285714285716,weak
27/11/2024 22:26,1155235766,3.0,2.0,2,4,2.0,2,2.0,2.0,2.0,2,,3.5714285714285716,weak
27/11/2024 22:26,1155214639,4.0,4.0,4,4,4.0,4,4.0,4.0,4.0,2,,10.0,strong
27/11/2024 22:26,1155233555,3.0,4.0,3,3,3.0,4,3.0,5.0,4.0,2,,6.142857142857143,weak
27/11/2024 22:26,1155234624,4.0,4.0,4,4,4.0,3,4.0,4.0,4.0,2,,7.428571428571429,strong
27/11/2024 22:27,1155234594,4.0,3.0,3,3,4.0,4,3.0,3.0,3.0,2,,4.857142857142858,weak
27/11/2024 22:27,1155217522,4.0,4.0,4,4,4.0,4,4.0,4.0,5.0,2,,3.5714285714285716,weak
27/11/2024 22:27,1155233279,3.0,2.0,3,3,3.0,2,3.0,3.0,3.0,2,Acting multiple answers regarding subjective questions,7.428571428571429,strong
27/11/2024 22:28,1155234518,4.0,4.0,3,3,4.0,3,3.0,3.0,4.0,2,,3.5714285714285716,weak
27/11/2024 22:28,1155214621,4.0,4.0,4,3,4.0,4,4.0,4.0,4.0,2,,7.428571428571429,strong
27/11/2024 22:28,1155236042,4.0,4.0,3,4,4.0,4,4.0,4.0,4.0,2,,6.142857142857143,weak
27/11/2024 22:28,1155213505,4.0,3.0,3,3,4.0,3,4.0,3.0,4.0,2,,3.5714285714285716,weak
27/11/2024 22:28,1155190712,3.0,3.0,3,2,,2,3.0,4.0,3.0,2,,3.5714285714285716,weak
27/11/2024 22:29,1155233109,4.0,4.0,4,4,4.0,5,4.0,4.0,4.0,2,,1.0,weak
27/11/2024 22:29,1155234725,4.0,5.0,4,3,3.0,3,3.0,3.0,3.0,2,,6.142857142857143,weak
27/11/2024 22:30,1155236134,3.0,3.0,3,3,3.0,4,4.0,2.0,3.0,2,,7.428571428571429,strong
27/11/2024 22:30,1155211359,4.0,4.0,4,4,3.0,4,4.0,4.0,4.0,2,,6.142857142857143,weak
27/11/2024 22:30,1155233231,4.0,4.0,3,2,5.0,3,4.0,4.0,4.0,2,"The shortage of my answer and the possible reason why I ignored them, also the suggestion how I can improve it in the future. ",7.428571428571429,strong
27/11/2024 22:30,1155234936,2.0,2.0,2,3,3.0,3,3.0,2.0,3.0,2,,7.428571428571429,strong
27/11/2024 22:30,1155233705,3.0,4.0,3,4,3.0,2,3.0,4.0,3.0,2,If the AI feedback could be more specific to my answer and points out the important concept that I have missed in my answer.,7.428571428571429,strong
27/11/2024 22:30,1155235677,3.0,3.0,3,2,2.0,2,4.0,3.0,3.0,2,Compare my answers with the standard ones.,7.428571428571429,strong
27/11/2024 22:30,1155233113,5.0,5.0,5,5,5.0,5,5.0,5.0,5.0,2,,7.428571428571429,strong
27/11/2024 22:31,1155234552,1.0,3.0,3,3,3.0,3,4.0,3.0,4.0,2,,3.5714285714285716,weak
27/11/2024 22:32,1155233372,2.0,3.0,3,4,3.0,3,3.0,2.0,4.0,2,,7.428571428571429,strong
27/11/2024 22:32,1155234735,1.0,2.0,3,3,2.0,2,2.0,2.0,2.0,2,"The effectiveness of AI cannot be fully unveiled in this question. However, it is recommended that one may include some analysis of thr question and show clear logical reasoning between steps for other types of questions. One side note regarding Q10 in the survey, if we assume having one more  AI comment does not confuse the reader (which is likely to be true), option 2 will be a subset of option 1. ",7.428571428571429,strong
27/11/2024 22:33,1155233411,3.0,3.0,3,3,3.0,2,2.0,1.0,2.0,2,,3.5714285714285716,weak
27/11/2024 22:34,1155234493,3.0,3.0,3,3,3.0,3,3.0,,3.0,2,,7.428571428571429,strong
